topic0,topic1,topic2,topic3,topic4,topic5,topic6,topic7,topic8,topic9,topic10,topic11,topic12,topic13,topic14
In general,Hiking,VHT,climbing school,Tourism,Hiking,VHT,VHT,VHT,In general,In general,,,,
Bulgaria,Neni,Alps,Hiking,Tours with lightweight tourism,Tours with lightweight tourism,Tours with lightweight tourism,Tours with lightweight tourism,Tours with lightweight tourism,Tours with lightweight tourism,Tours with lightweight tourism,Alps,Alps,Alps,Alps
Ski,Lastminute,Ski,Stays with trips,Ski,Tourism,Tourism,Tourism,Tourism,Tourism,Tourism,,,,
Hiking,Hiking,exotica,Stays with trips,Hiking,challenging expedition,rafting,Tours with accommodation,Corsica,exotica,Hiking,rafting,Hiking,exotica,VHT
In general,In general,Tourism,exotica,Corsica,Bulgaria,Stays with trips,Neni,cyclo,Tourism,Tourism,exotica,exotica,Tours with lightweight tourism,Tours with accommodation
In general,Alps,Hiking,hotelbuses,Bulgaria,VHT,Ski,Tourist,Tourist,Tourist,,,,,
In general,Tourism,Hiking,Tourism,Hiking,Hiking,Hiking,Hiking,Hiking,Hiking,Hiking,Hiking,Hiking,Hiking,Hiking
In general,In general,Bulgaria,Lastminute,VHT,exotica,exotica,Tourism,exotica,exotica,,,,,
rafting,cyclo,Lastminute,Tourism,exotica,exotica,Hiking,exotica,Hiking,Ski,Tours with lightweight tourism,Tours with lightweight tourism,Ski,,
In general,Tourism,Hiking,VHT,cyclo,Hiking,Hiking,Hiking,Hiking,Hiking,Hiking,cyclo,VHT,,
Corsica,Hiking,Tourism,Lipari,Corsica,rafting,VHT,Hiking,Ski,Neni,VHT,Neni,School tours,Alps,exotica
In general,Lastminute,Hiking,Hiking,VHT,Hiking,Hiking,climbing school,climbing school,VHT,VHT,,,,
In general,Corsica,Lastminute,exotica,Neni,Corsica,Tours with lightweight tourism,Tours with accommodation,Tours with accommodation,Tours with accommodation,Tours with accommodation,Tours with lightweight tourism,,,
Water,Water,Ski,Lastminute,Water,Water,rafting,rafting,rafting,rafting,Water,climbing school,VHT,VHT,VHT
Lastminute,Hiking,Lastminute,Tourism,Lastminute,exotica,Lastminute,Stays with trips,Stays with trips,hotelbuses,hotelbuses,Tours with accommodation,Stays with trips,hotelbuses,Tours with accommodation
In general,Tourism,Tourism,Hiking,VHT,exotica,Tourism,Tourism,Tourism,Tourism,Tourism,Hiking,In general,,
In general,In general,In general,In general,Tours with accommodation,hotelbuses,hotelbuses,Tours with accommodation,Neni,Tourism,In general,In general,In general,Tours with accommodation,hotelbuses
In general,In general,In general,In general,In general,In general,In general,In general,In general,In general,In general,In general,In general,In general,In general
In general,In general,Tourism,Hiking,Water,cyclo,climbing school,Tourist,Golf,Holiday Shipping,In general,Tours with accommodation,Tours with accommodation,Tours with accommodation,Tours with accommodation
In general,Tourism,Hiking,Lastminute,exotica,Lastminute,hotelbuses,climbing school,challenging expedition,cyclo,Tourism,hotelbuses,Tourism,Alps,In general
In general,In general,Stays with trips,Tours with lightweight tourism,Tours with lightweight tourism,Tours with lightweight tourism,Tours with lightweight tourism,Stays with trips,Corsica,Tours with accommodation,Tours with accommodation,Tours with accommodation,Tours with accommodation,Tourism,exotica
In general,In general,Lastminute,Lastminute,Tours with accommodation,Corsica,Tourism,Tours with lightweight tourism,In general,In general,,,,,
In general,Bulgaria,Stays with trips,Neni,Bulgaria,Bulgaria,Stays with trips,Stays with trips,Tours with lightweight tourism,Tours with lightweight tourism,Tours with lightweight tourism,Bulgaria,,,
In general,Montenegro,Lipari,Corsica,Bulgaria,Tourist,Stays with trips,Holiday Shipping,Tourist,Stays with trips,,,,,
Corsica,exotica,challenging expedition,Lastminute,cyclo,exotica,exotica,exotica,exotica,exotica,exotica,,,,
In general,In general,In general,In general,In general,In general,In general,In general,In general,In general,In general,In general,In general,In general,In general
In general,In general,In general,Neni,Lipari,Corsica,Neni,Alps,School tours,Lipari,Hiking,Tourism,,,
In general,exotica,challenging expedition,Lastminute,Tourism,exotica,exotica,exotica,exotica,exotica,exotica,Tourism,,,
cyclo,Lastminute,cyclo,Hiking,cyclo,rafting,Hiking,Ski,cyclo,Tours with accommodation,,,,,
In general,In general,In general,Tourism,Hiking,Corsica,Tourism,VHT,Hiking,exotica,Corsica,Stays with trips,Tourist,Tours with accommodation,Corsica
In general,In general,In general,Lastminute,Alps,Hiking,VHT,challenging expedition,Hiking,Hiking,Hiking,Hiking,Hiking,Hiking,Hiking
Neni,Alps,Hiking,Tourism,Tourism,Hiking,Tourism,Tourism,Tourism,Tourism,Tourism,,,,
In general,Tourist,Holiday Shipping,Stays with trips,School tours,Golf,Lastminute,VHT,Water,exotica,challenging expedition,cyclo,challenging expedition,climbing school,Ski
In general,Tours with accommodation,Lipari,Corsica,Montenegro,Bulgaria,Tours with accommodation,Lipari,Corsica,Montenegro,Bulgaria,,,,
In general,In general,VHT,rafting,cyclo,exotica,challenging expedition,Ski,Lastminute,Lipari,Corsica,Montenegro,Bulgaria,Tourist,Alps
In general,cyclo,Lastminute,Tours with accommodation,Stays with trips,cyclo,cyclo,cyclo,cyclo,Tours with accommodation,Tours with accommodation,Stays with trips,,,
In general,Tourism,Lastminute,VHT,Tourism,Hiking,VHT,Tourism,Alps,Hiking,Hiking,Hiking,Tourism,Hiking,
In general,In general,Tourism,Lastminute,cyclo,Tours with accommodation,Tourism,Tours with accommodation,Tours with accommodation,In general,,,,,
In general,In general,Tours with accommodation,hotelbuses,Tourism,Neni,Tourism,Tours with accommodation,Tours with lightweight tourism,Tourism,,,,,
In general,Lastminute,Lipari,Corsica,Montenegro,Bulgaria,Stays with trips,Tourist,Tours with accommodation,Stays with trips,Tourist,Tours with accommodation,Tours with accommodation,Tours with accommodation,
Holiday Shipping,hotelbuses,Tours with accommodation,Lastminute,Bulgaria,Holiday Shipping,Tours with accommodation,Tours with accommodation,Tours with accommodation,Tours with accommodation,Tours with accommodation,Tours with accommodation,Tours with accommodation,Bulgaria,
cyclo,Neni,Tours with accommodation,Tours with lightweight tourism,Tours with accommodation,Tours with accommodation,Tours with accommodation,Tours with accommodation,Tours with accommodation,Tours with accommodation,Tours with accommodation,,,,
In general,VHT,cyclo,Lastminute,exotica,VHT,VHT,cyclo,cyclo,cyclo,Ski,,,,
cyclo,Tours with accommodation,Tours with accommodation,Tours with accommodation,Tours with accommodation,undetected,Tourism,Tours with accommodation,Tours with accommodation,Tours with accommodation,Tours with accommodation,,,,
In general,Tours with accommodation,Neni,Neni,Stays with trips,Tours with accommodation,Tours with accommodation,Tours with accommodation,Tours with accommodation,Tours with accommodation,Tours with accommodation,Tours with accommodation,Tours with accommodation,Neni,Tours with lightweight tourism
Tours with accommodation,exotica,Neni,exotica,exotica,exotica,exotica,exotica,Tours with lightweight tourism,Tours with lightweight tourism,,,,,
In general,Tours with accommodation,Tourism,Tours with lightweight tourism,exotica,exotica,Tourism,Hiking,Hiking,Tours with lightweight tourism,,,,,
Bulgaria,Tourist,Tours with accommodation,Tours with accommodation,Tourist,hotelbuses,Bulgaria,Bulgaria,Tours with accommodation,Tours with accommodation,Tours with accommodation,Tours with accommodation,,,
Tourism,Hiking,Hiking,VHT,VHT,VHT,VHT,VHT,Water,challenging expedition,challenging expedition,Tourism,,,
In general,Tourism,VHT,VHT,VHT,climbing school,VHT,VHT,VHT,challenging expedition,undetected,VHT,VHT,VHT,climbing school
In general,Neni,Alps,Tours with lightweight tourism,Tours with lightweight tourism,Tours with lightweight tourism,Tours with lightweight tourism,Tours with lightweight tourism,Alps,Hiking,Alps,,,,
In general,Neni,Tourist,Tours with lightweight tourism,Tours with lightweight tourism,Tours with lightweight tourism,Tours with lightweight tourism,Tours with accommodation,Alps,Tourism,Tourism,Tours with accommodation,,,
Corsica,Golf,Corsica,Lipari,Tourist,Tourist,Tourist,Tourist,Lipari,Tourism,Tours with lightweight tourism,,,,
In general,In general,In general,In general,challenging expedition,exotica,exotica,exotica,In general,In general,,,,,
In general,challenging expedition,exotica,exotica,exotica,challenging expedition,exotica,challenging expedition,exotica,exotica,exotica,,,,
In general,In general,Tourism,Water,Neni,Alps,Montenegro,hotelbuses,Holiday Shipping,In general,Tourism,Tourism,Tourism,Water,
Tourism,Tourism,Tourism,Tourism,Tourism,cyclo,cyclo,cyclo,cyclo,cyclo,,,,,
In general,VHT,Hiking,exotica,challenging expedition,VHT,challenging expedition,VHT,VHT,VHT,VHT,VHT,In general,,
In general,Stays with trips,cyclo,Stays with trips,Tours with accommodation,cyclo,Tours with accommodation,cyclo,Alps,Stays with trips,Tours with lightweight tourism,,,,
In general,In general,Tourism,challenging expedition,Hiking,Montenegro,Montenegro,Neni,challenging expedition,exotica,Tourism,Lastminute,Tours with lightweight tourism,exotica,Tourism
In general,exotica,climbing school,Corsica,Hiking,exotica,exotica,exotica,exotica,exotica,climbing school,hotelbuses,Hiking,,
In general,Lipari,Corsica,Bulgaria,Montenegro,Tourist,Tourist,Stays with trips,Stays with trips,Montenegro,hotelbuses,Lastminute,Tourism,Lipari,Tours with accommodation
In general,cyclo,cyclo,cyclo,cyclo,cyclo,cyclo,cyclo,climbing school,climbing school,Ski,,,,
In general,Hiking,Lastminute,Hiking,Hiking,Hiking,rafting,rafting,rafting,rafting,rafting,rafting,rafting,Hiking,Hiking
In general,In general,Lastminute,Hiking,Lastminute,Hiking,Hiking,Hiking,rafting,VHT,,,,,
In general,Hiking,Tourism,exotica,Hiking,VHT,challenging expedition,Hiking,Hiking,Hiking,,,,,
In general,In general,Lastminute,Tourism,Tourism,Tourism,Tourism,Tourism,Tourism,Tourism,Tourism,Tourism,Tourism,,
In general,In general,Tourist,Lipari,Lastminute,Lipari,Lastminute,Lipari,Tourist,Tourist,Lipari,Lipari,Tours with accommodation,Tourist,
In general,climbing school,climbing school,Ski,Hiking,climbing school,Hiking,climbing school,climbing school,Hiking,Hiking,Hiking,Hiking,,
In general,Stays with trips,Neni,Tours with accommodation,Stays with trips,Stays with trips,Stays with trips,Tours with lightweight tourism,Tours with lightweight tourism,Tours with lightweight tourism,hotelbuses,hotelbuses,,,
In general,Tourism,Tourism,Tourism,Tourism,Tourism,Hiking,Hiking,Tourism,Tourism,,,,,
In general,Tourism,Neni,Tours with accommodation,Montenegro,Tours with accommodation,Tourism,Tourism,Tours with lightweight tourism,Tourism,Tourism,Tourism,,,
In general,Lipari,rafting,Hiking,Lastminute,Ski,Lipari,Hiking,Ski,Ski,VHT,undetected,Tourism,Lipari,
Lastminute,Lipari,exotica,Corsica,Tours with accommodation,hotelbuses,Lipari,In general,In general,In general,In general,In general,,,
In general,In general,Neni,hotelbuses,Stays with trips,Tours with lightweight tourism,Tours with lightweight tourism,Tours with lightweight tourism,Tours with lightweight tourism,Tours with lightweight tourism,Tours with lightweight tourism,Tours with lightweight tourism,Tours with lightweight tourism,Tours with lightweight tourism,Tours with lightweight tourism
In general,In general,Neni,Neni,Tours with accommodation,Tours with accommodation,Tourism,Tours with lightweight tourism,Tours with accommodation,Tours with accommodation,Tours with accommodation,Tours with accommodation,Tourism,Tourism,Tourism
Tours with accommodation,exotica,Tourism,challenging expedition,Lastminute,cyclo,Tours with accommodation,Tours with accommodation,exotica,exotica,Tourism,Tourism,Tourism,Tourism,Tourism
In general,Tourism,Tourism,Lastminute,Water,Corsica,Tours with accommodation,Neni,Tourism,Tours with accommodation,Tours with accommodation,Tours with accommodation,Tours with accommodation,Tours with accommodation,Tours with accommodation
In general,exotica,exotica,exotica,exotica,exotica,exotica,exotica,exotica,exotica,,,,,
In general,In general,Tourism,Lastminute,Hiking,Holiday Shipping,Lastminute,Tourism,challenging expedition,Neni,Lastminute,In general,In general,Tourism,Tourism
In general,In general,Neni,Neni,Neni,Alps,Neni,Tours with accommodation,Tours with accommodation,Tours with accommodation,Tours with accommodation,Tours with accommodation,Tours with accommodation,Tours with accommodation,Tours with accommodation
Neni,Alps,Alps,Alps,Alps,Alps,Alps,cyclo,Tours with lightweight tourism,Tours with lightweight tourism,cyclo,Tours with lightweight tourism,,,
In general,In general,Tourism,Lastminute,Tours with accommodation,In general,Tourism,Tours with accommodation,Tours with accommodation,Tours with accommodation,Tours with accommodation,Tours with accommodation,In general,In general,In general
In general,Tours with accommodation,hotelbuses,Tours with accommodation,Tours with accommodation,Tours with accommodation,Tours with accommodation,Tours with accommodation,Tours with accommodation,hotelbuses,,,,,
In general,In general,In general,In general,In general,In general,In general,Corsica,Lipari,Stays with trips,Tourist,Corsica,Corsica,Tours with accommodation,Stays with trips
In general,In general,In general,VHT,Hiking,exotica,exotica,exotica,exotica,exotica,exotica,exotica,exotica,,
In general,Hiking,exotica,rafting,rafting,Hiking,hotelbuses,rafting,In general,In general,,,,,
In general,In general,In general,In general,In general,Corsica,Lipari,Lastminute,Lastminute,Hiking,exotica,In general,,,
In general,School tours,Tourism,Lipari,Corsica,Montenegro,Bulgaria,Tourist,Stays with trips,Golf,Tourism,Tourism,,,
In general,Tourism,Neni,Lipari,Tourism,hotelbuses,Stays with trips,exotica,Tourism,Lipari,Tourism,Tourism,Tourism,hotelbuses,Stays with trips
In general,In general,In general,In general,In general,In general,In general,In general,In general,Tourism,Hiking,Neni,Tourism,Tours with lightweight tourism,Tourism
In general,In general,In general,In general,In general,In general,In general,In general,In general,In general,In general,,,,
In general,In general,exotica,Neni,Tours with accommodation,Tours with accommodation,Tourism,Tours with accommodation,Tourism,In general,,,,,
In general,Corsica,Bulgaria,Tours with accommodation,Bulgaria,Stays with trips,Stays with trips,Tours with lightweight tourism,exotica,Tours with lightweight tourism,In general,,,,
In general,In general,In general,In general,Hiking,Hiking,Water,Hiking,Tourism,Tourism,Neni,Tourism,undetected,undetected,Tourism
In general,In general,In general,Lastminute,Tourism,Tourism,Tourism,Tourism,Tourism,Tourism,,,,,
rafting,Montenegro,challenging expedition,Water,exotica,Water,Montenegro,challenging expedition,undetected,rafting,rafting,,,,
In general,In general,Tourism,Hiking,VHT,Corsica,Lipari,Bulgaria,Montenegro,Corsica,,,,,
In general,In general,Corsica,Lastminute,Tourism,Tours with lightweight tourism,Tourism,cyclo,Tours with accommodation,Montenegro,exotica,,,,
In general,In general,In general,Hiking,Corsica,Montenegro,Tourist,Stays with trips,Neni,Tours with accommodation,hotelbuses,Golf,exotica,Golf,Ski
In general,In general,Neni,Alps,Alps,Neni,Neni,Neni,Neni,Neni,Neni,Neni,Alps,Alps,Alps
In general,Neni,Tours with accommodation,Stays with trips,Lipari,Lipari,Corsica,Stays with trips,hotelbuses,Lastminute,Tours with accommodation,Tours with accommodation,Tours with accommodation,Tours with accommodation,Tours with accommodation
In general,Hiking,Hiking,Neni,Tours with accommodation,Tours with accommodation,hotelbuses,Tours with accommodation,Lipari,Montenegro,Alps,challenging expedition,Hiking,Tours with accommodation,
In general,In general,In general,In general,In general,In general,In general,In general,In general,In general,In general,In general,In general,In general,In general
In general,Tourism,Hiking,VHT,exotica,Tourism,Hiking,Hiking,Hiking,Hiking,Hiking,Hiking,Hiking,Hiking,Hiking
In general,In general,In general,hotelbuses,exotica,exotica,Lastminute,hotelbuses,exotica,exotica,exotica,,,,
In general,challenging expedition,Alps,Hiking,challenging expedition,VHT,Hiking,Hiking,Hiking,Hiking,Hiking,Hiking,Hiking,Hiking,Hiking
In general,exotica,Tourism,Hiking,Tourist,Neni,Alps,Holiday Shipping,exotica,Tours with lightweight tourism,Alps,,,,
In general,exotica,cyclo,exotica,exotica,exotica,exotica,Tours with lightweight tourism,Tours with lightweight tourism,Tours with lightweight tourism,Tours with lightweight tourism,Tours with lightweight tourism,Tours with lightweight tourism,cyclo,exotica
In general,Lastminute,Neni,Neni,Tours with accommodation,exotica,Hiking,exotica,exotica,Tours with lightweight tourism,hotelbuses,Tours with lightweight tourism,Bulgaria,Tours with lightweight tourism,Tours with lightweight tourism
In general,Tourist,Tours with accommodation,hotelbuses,School tours,Tours with accommodation,Tours with accommodation,Tours with accommodation,Tours with accommodation,Tours with accommodation,Tours with accommodation,Tours with accommodation,Tours with accommodation,School tours,School tours
In general,In general,In general,In general,In general,In general,In general,In general,In general,In general,In general,In general,In general,In general,In general
Hiking,Hiking,Hiking,Hiking,Hiking,Hiking,Hiking,Tourism,Tourism,Tourism,Tourism,Tourism,climbing school,climbing school,
In general,In general,In general,In general,In general,In general,In general,In general,In general,In general,In general,In general,In general,In general,In general
Hiking,Hiking,Hiking,Montenegro,Montenegro,Neni,Neni,Hiking,Hiking,Montenegro,Tours with lightweight tourism,Tours with lightweight tourism,,,
In general,In general,In general,In general,rafting,rafting,rafting,rafting,rafting,rafting,rafting,rafting,,,
In general,In general,In general,Stays with trips,Tourism,Tourist,Tours with accommodation,Tourist,Tourist,In general,,,,,
In general,Hiking,Neni,Stays with trips,VHT,Neni,Corsica,VHT,VHT,VHT,Tours with lightweight tourism,Tours with lightweight tourism,Tours with lightweight tourism,Tours with lightweight tourism,Tours with lightweight tourism
In general,Lastminute,challenging expedition,exotica,exotica,Tourism,exotica,exotica,exotica,exotica,exotica,exotica,exotica,exotica,exotica
In general,Lipari,Montenegro,Tourist,Neni,Tours with accommodation,Tourism,Lipari,Tourism,Tourism,Tourism,Tourism,Tourism,Tourism,Tourism
Water,Lastminute,Bulgaria,Tourist,Tours with accommodation,Water,Water,Water,Tourist,Tours with accommodation,,,,,
Tourist,Stays with trips,Lastminute,Stays with trips,Holiday Shipping,hotelbuses,Stays with trips,Tourist,Tours with accommodation,Stays with trips,Tours with accommodation,Tours with accommodation,,,
In general,Lipari,Tours with accommodation,Lipari,Tours with accommodation,Tours with accommodation,Tours with accommodation,Tours with accommodation,Tours with accommodation,Tours with accommodation,,,,,
In general,Hiking,VHT,exotica,challenging expedition,Lastminute,Hiking,Hiking,Hiking,Hiking,Hiking,VHT,exotica,exotica,
In general,Corsica,Neni,Tourist,Stays with trips,Neni,Tours with accommodation,hotelbuses,exotica,Hiking,Stays with trips,Tours with lightweight tourism,Tours with lightweight tourism,Tours with lightweight tourism,Tours with accommodation
In general,In general,In general,Lipari,Lipari,Corsica,Montenegro,Montenegro,Golf,Lastminute,challenging expedition,climbing school,Ski,Neni,Tourism
In general,In general,In general,Tourism,Corsica,Corsica,Neni,Tourism,Corsica,Corsica,Tourism,Tourism,,,
In general,In general,In general,In general,exotica,hotelbuses,hotelbuses,In general,In general,In general,,,,,
rafting,rafting,Ski,Water,rafting,rafting,rafting,rafting,rafting,rafting,rafting,Water,,,
In general,Lastminute,Lastminute,Lipari,Lipari,Lipari,Lipari,Tourism,Tours with accommodation,Lipari,Lipari,,,,
Hiking,VHT,VHT,Hiking,Hiking,Hiking,Hiking,Hiking,VHT,Hiking,VHT,Hiking,Hiking,Hiking,
In general,In general,In general,In general,In general,In general,Stays with trips,Ski,Montenegro,Tourism,exotica,,,,
In general,Lastminute,Tours with accommodation,Tours with accommodation,Tours with accommodation,Tours with accommodation,Tours with accommodation,Neni,Tours with accommodation,Tours with accommodation,Tours with accommodation,Tours with accommodation,,,
In general,In general,In general,Montenegro,Hiking,Neni,Neni,Tours with lightweight tourism,Tours with lightweight tourism,Tourism,Tours with lightweight tourism,Tourism,Tours with lightweight tourism,In general,
In general,Stays with trips,Neni,Lastminute,Tours with lightweight tourism,Tours with lightweight tourism,Tours with lightweight tourism,Tours with lightweight tourism,Tours with lightweight tourism,Tours with lightweight tourism,,,,,
In general,Tourism,Tourism,Tourism,Tourism,Tourism,Tourism,Tourism,Tourism,Tourism,Tourism,Tourism,Tourism,Tourism,Tourism
In general,Tourism,Tourism,Hiking,exotica,hotelbuses,hotelbuses,Corsica,Tourist,rafting,rafting,Water,Water,Water,Tourism
Lastminute,Tourist,Neni,hotelbuses,exotica,In general,exotica,exotica,hotelbuses,exotica,,,,,
Stays with trips,Stays with trips,Tourism,Tours with lightweight tourism,Tours with lightweight tourism,Tours with lightweight tourism,Tours with lightweight tourism,Tours with lightweight tourism,Tours with lightweight tourism,Tours with lightweight tourism,Tourism,,,,
In general,challenging expedition,Tourism,hotelbuses,hotelbuses,Tours with lightweight tourism,Tours with accommodation,exotica,exotica,exotica,exotica,exotica,exotica,exotica,exotica
In general,In general,In general,In general,In general,In general,In general,In general,In general,hotelbuses,Tourism,VHT,exotica,exotica,exotica
In general,Neni,Hiking,Alps,Neni,Lastminute,Tours with lightweight tourism,Alps,Tours with lightweight tourism,Tours with accommodation,,,,,
In general,In general,exotica,exotica,Lastminute,Hiking,exotica,exotica,exotica,exotica,,,,,
In general,Hiking,Tourism,Tourism,Neni,Tourism,Tourism,Tourism,Tourism,Tours with lightweight tourism,Tours with lightweight tourism,Tours with lightweight tourism,,,
In general,Hiking,exotica,Hiking,exotica,exotica,climbing school,climbing school,climbing school,Water,,,,,
Tourism,exotica,exotica,exotica,exotica,challenging expedition,exotica,exotica,exotica,exotica,,,,,
In general,Hiking,Alps,Stays with trips,Stays with trips,cyclo,cyclo,Stays with trips,cyclo,cyclo,,,,,
In general,cyclo,cyclo,cyclo,Tours with accommodation,cyclo,cyclo,Stays with trips,cyclo,In general,In general,In general,In general,,
In general,Lastminute,Tourism,Alps,Lipari,Stays with trips,Tours with accommodation,cyclo,Hiking,Tourism,Hiking,Hiking,Hiking,Hiking,Hiking
In general,In general,In general,In general,Tourism,Tourism,Tourism,Hiking,Tourism,Tourism,Tourism,Hiking,Tourism,,
In general,In general,Hiking,Tours with accommodation,In general,Hiking,Hiking,Tours with lightweight tourism,Tours with lightweight tourism,Tours with lightweight tourism,Tours with lightweight tourism,Tours with lightweight tourism,Tours with lightweight tourism,Tours with accommodation,Tours with accommodation
In general,hotelbuses,Tours with accommodation,hotelbuses,Neni,Tours with accommodation,hotelbuses,Tours with accommodation,Tours with accommodation,hotelbuses,Tours with accommodation,,,,
Montenegro,hotelbuses,climbing school,challenging expedition,Tourism,hotelbuses,challenging expedition,challenging expedition,Tourism,Tourism,Tourism,Tours with accommodation,Tours with accommodation,Tours with accommodation,
In general,Corsica,Neni,Neni,Tourism,Neni,Corsica,Tourism,Tourism,Corsica,Tours with lightweight tourism,Tourism,Corsica,Tourism,
challenging expedition,Lastminute,Holiday Shipping,Tours with accommodation,rafting,rafting,challenging expedition,challenging expedition,Tours with accommodation,Tours with accommodation,,,,,
In general,In general,In general,Hiking,Tourist,Neni,Tours with accommodation,Alps,Hiking,Alps,Tours with accommodation,Alps,Alps,Alps,Alps
Tourism,Stays with trips,Corsica,Tourist,hotelbuses,Tours with accommodation,Tourism,Stays with trips,Stays with trips,Stays with trips,Stays with trips,Stays with trips,Stays with trips,Tours with lightweight tourism,Tours with accommodation
In general,cyclo,Tourism,Hiking,Lastminute,Tours with accommodation,Tourism,Hiking,Tours with accommodation,Tours with accommodation,,,,,
In general,Tours with accommodation,Tours with accommodation,Tours with accommodation,Tours with accommodation,Tours with accommodation,Tours with accommodation,Tours with accommodation,Tours with accommodation,Tours with accommodation,Tours with accommodation,Tours with accommodation,Tours with accommodation,Tours with accommodation,Tours with accommodation
In general,In general,In general,In general,Tours with accommodation,In general,In general,Tours with accommodation,In general,In general,,,,,
In general,In general,Lastminute,Hiking,VHT,Water,exotica,Hiking,Tourism,Ski,Water,Hiking,Tourism,Hiking,climbing school
In general,Tourism,Tours with accommodation,Tours with accommodation,Tours with accommodation,Tourism,Tours with accommodation,Tours with accommodation,Tourism,Tours with accommodation,Tours with accommodation,rafting,Tourism,Tours with accommodation,Tours with accommodation
Lastminute,Tours with accommodation,Tours with accommodation,Tours with accommodation,Tours with accommodation,Tours with accommodation,Tours with accommodation,Tours with accommodation,Tours with accommodation,Tours with accommodation,Tours with accommodation,Tours with accommodation,,,
In general,Golf,Ski,exotica,challenging expedition,Lastminute,undetected,exotica,challenging expedition,challenging expedition,In general,,,,
In general,In general,In general,In general,In general,cyclo,Hiking,Neni,Tourism,Tourism,Hiking,Tourism,Tourism,Tourism,Lastminute
In general,Neni,Alps,Alps,Alps,Alps,Alps,Alps,Alps,Alps,Alps,Alps,Alps,Alps,Alps
In general,Hiking,cyclo,Alps,Neni,climbing school,challenging expedition,cyclo,Alps,Alps,climbing school,Montenegro,In general,,
In general,Alps,Lastminute,Neni,Tours with accommodation,Lipari,Stays with trips,Tourist,Tours with accommodation,Lipari,Tourist,,,,
In general,In general,Lipari,Stays with trips,Corsica,Lipari,Stays with trips,Tourist,In general,In general,,,,,
Water,rafting,Tourist,Stays with trips,Tourism,rafting,Tourist,Stays with trips,In general,In general,In general,,,,
In general,Hiking,VHT,VHT,exotica,VHT,VHT,VHT,exotica,exotica,,,,,
Alps,Stays with trips,Tours with lightweight tourism,Tours with lightweight tourism,Tours with lightweight tourism,Tours with lightweight tourism,Tours with lightweight tourism,Tours with lightweight tourism,Tours with lightweight tourism,Alps,Stays with trips,,,,
challenging expedition,cyclo,challenging expedition,cyclo,challenging expedition,cyclo,cyclo,cyclo,cyclo,cyclo,In general,,,,
In general,In general,In general,challenging expedition,exotica,cyclo,Lastminute,Neni,Holiday Shipping,cyclo,exotica,,,,
exotica,Neni,Tours with accommodation,cyclo,cyclo,Tours with lightweight tourism,Tours with lightweight tourism,Tours with lightweight tourism,Tours with lightweight tourism,Tours with accommodation,Tours with accommodation,Tours with accommodation,Tours with accommodation,Tours with accommodation,Tours with accommodation
exotica,Tours with accommodation,cyclo,Stays with trips,cyclo,Lipari,Stays with trips,Stays with trips,Tourism,Tours with accommodation,Stays with trips,Tours with accommodation,Tours with accommodation,Lipari,Tourist
In general,exotica,Tourist,Corsica,Stays with trips,Tours with accommodation,Stays with trips,Corsica,Tours with accommodation,Tours with accommodation,Tours with accommodation,,,,
challenging expedition,climbing school,Corsica,challenging expedition,climbing school,challenging expedition,exotica,cyclo,VHT,Corsica,cyclo,,,,
In general,VHT,exotica,VHT,Tourism,Hiking,challenging expedition,Lastminute,Tourism,challenging expedition,,,,,
In general,In general,exotica,Hiking,Corsica,Corsica,Tourism,exotica,Tours with lightweight tourism,In general,In general,,,,
In general,In general,In general,In general,In general,In general,In general,Lastminute,Corsica,Lastminute,Corsica,exotica,exotica,exotica,In general
In general,Tours with accommodation,Neni,Stays with trips,Lastminute,exotica,Tourism,Stays with trips,Tours with accommodation,Tours with accommodation,Tours with lightweight tourism,In general,In general,,
In general,In general,Corsica,Lastminute,Tours with accommodation,Hiking,Neni,Lastminute,Corsica,Corsica,Tours with lightweight tourism,Tours with accommodation,Tours with lightweight tourism,Tours with accommodation,Tours with lightweight tourism
In general,challenging expedition,exotica,exotica,exotica,exotica,exotica,exotica,exotica,exotica,exotica,exotica,In general,In general,In general
Neni,Corsica,Neni,Lipari,Tours with lightweight tourism,Alps,Tours with lightweight tourism,Stays with trips,Tours with accommodation,hotelbuses,,,,,
challenging expedition,Hiking,Tourism,Tourism,Hiking,exotica,exotica,Hiking,challenging expedition,Tourism,exotica,,,,
Tourism,exotica,Tourism,Tourism,Tourism,Tourism,Tourism,Tourism,Tourism,exotica,,,,,
In general,Lastminute,Lipari,Tourist,Tourist,Lipari,Lastminute,Tourist,Stays with trips,Tourist,In general,In general,,,
In general,Stays with trips,Water,Hiking,Stays with trips,Alps,Neni,Hiking,Hiking,Tours with lightweight tourism,In general,,,,
In general,In general,In general,In general,In general,Tourism,Alps,Tours with accommodation,Neni,Alps,Neni,Neni,In general,Tourism,Alps
exotica,VHT,challenging expedition,VHT,exotica,Hiking,challenging expedition,VHT,Tourism,VHT,exotica,exotica,exotica,exotica,
In general,Hiking,Tourism,Hiking,rafting,Tours with accommodation,Tourism,Tourism,Tourism,Tourism,Tourism,Tourism,Tourism,,
In general,Neni,Neni,Hiking,Tours with lightweight tourism,Tours with lightweight tourism,Hiking,Hiking,VHT,cyclo,,,,,
In general,Alps,Tours with accommodation,Tourism,Hiking,Tourism,Hiking,Alps,Alps,In general,,,,,
In general,In general,Holiday Shipping,Tourism,Hiking,Water,Lipari,Corsica,Montenegro,Bulgaria,,,,,
In general,In general,Tourism,Neni,Tourism,Tourism,Tourism,Tourism,Tours with lightweight tourism,Tourism,Tourism,Tourism,Tourism,Tourism,Tourism
In general,Lastminute,Hiking,Corsica,Hiking,Hiking,Hiking,Hiking,Hiking,Hiking,Hiking,Hiking,Hiking,Corsica,Tourism
In general,exotica,Hiking,VHT,challenging expedition,climbing school,exotica,exotica,exotica,exotica,exotica,exotica,exotica,Tourism,Tourism
In general,exotica,exotica,exotica,exotica,exotica,exotica,exotica,Tourism,Tourism,Tourism,,,,
Lipari,Alps,Stays with trips,Tourist,hotelbuses,Lipari,Tours with accommodation,Stays with trips,hotelbuses,hotelbuses,,,,,
In general,In general,Tourism,Lipari,Lastminute,Tours with accommodation,Lastminute,challenging expedition,Water,rafting,Lastminute,Tours with accommodation,Lastminute,Lipari,Tourism
In general,VHT,Lastminute,Neni,challenging expedition,cyclo,rafting,VHT,Hiking,VHT,Hiking,VHT,Lastminute,challenging expedition,VHT
In general,Neni,Tours with accommodation,Alps,cyclo,Tourism,Lastminute,Stays with trips,hotelbuses,Tours with accommodation,cyclo,Tours with accommodation,,,
In general,In general,In general,Corsica,Lipari,Tourist,Corsica,Tours with accommodation,Lipari,In general,,,,,
In general,In general,Neni,Neni,exotica,exotica,exotica,exotica,In general,In general,,,,,
In general,Lastminute,Neni,Alps,Holiday Shipping,Stays with trips,Water,Lipari,hotelbuses,Corsica,Tourist,Neni,Alps,Tours with accommodation,Lastminute
In general,Tourist,Stays with trips,Tours with accommodation,Corsica,Stays with trips,Stays with trips,Tours with accommodation,Tours with accommodation,Tours with accommodation,Tours with accommodation,Corsica,In general,,
In general,Tourism,Montenegro,Montenegro,Neni,Tourism,Tourism,hotelbuses,Montenegro,Tours with lightweight tourism,Tours with lightweight tourism,Alps,Lipari,Montenegro,Tours with accommodation
In general,Tourist,Tourist,Bulgaria,Bulgaria,Tourist,Tourist,Tourist,hotelbuses,Montenegro,Tourist,Tourist,Bulgaria,Tourist,Tourist
Tourism,Tourism,Hiking,VHT,Lastminute,Neni,Tours with accommodation,Stays with trips,Tourist,Tourism,Tourism,Tours with accommodation,In general,,
In general,Hiking,Hiking,Hiking,Hiking,Hiking,Hiking,Hiking,Hiking,Hiking,Hiking,Hiking,Hiking,Hiking,Hiking
In general,In general,Tourism,Tourism,Corsica,Tourism,Tourism,Tourism,Corsica,Tourism,Tourism,,,,
In general,Hiking,Neni,Hiking,Hiking,Hiking,Hiking,Hiking,Tours with lightweight tourism,Tourism,Tours with lightweight tourism,,,,
In general,Tourist,Lastminute,Bulgaria,Stays with trips,Montenegro,Corsica,Holiday Shipping,Lipari,Stays with trips,Lastminute,Bulgaria,Montenegro,Lipari,In general
challenging expedition,Tourism,challenging expedition,Tourism,Tourism,Tourism,Tourism,Tourism,Tourism,Tourism,Tourism,Tourism,Tourism,,
In general,In general,Tours with accommodation,Hiking,Tourism,Stays with trips,Tours with accommodation,Tours with accommodation,Tours with accommodation,Tours with accommodation,Tourism,Stays with trips,In general,,
In general,climbing school,VHT,Hiking,challenging expedition,Lastminute,Hiking,climbing school,climbing school,Hiking,Hiking,In general,,,
In general,Neni,Alps,Neni,Tours with lightweight tourism,Tours with lightweight tourism,Tours with lightweight tourism,Alps,Alps,Alps,Alps,Alps,Alps,Tours with lightweight tourism,
In general,Hiking,Tourism,VHT,VHT,challenging expedition,Lastminute,Neni,Tours with accommodation,Hiking,Hiking,Hiking,Tourism,Tours with lightweight tourism,VHT
In general,Montenegro,Corsica,Holiday Shipping,Bulgaria,Montenegro,Lipari,Corsica,Bulgaria,Stays with trips,,,,,
In general,Tourism,exotica,challenging expedition,Hiking,VHT,Neni,Tours with accommodation,Lastminute,exotica,exotica,exotica,exotica,exotica,exotica
In general,Tourism,challenging expedition,Tours with accommodation,exotica,Tours with accommodation,Tourism,exotica,In general,In general,In general,,,,
In general,In general,In general,In general,Stays with trips,Alps,Tours with accommodation,Tours with lightweight tourism,Alps,Tours with accommodation,,,,,
In general,Lastminute,Tourist,Lipari,Montenegro,Tourist,Lipari,Lipari,In general,In general,,,,,
In general,In general,Lastminute,Hiking,Hiking,Tourism,Hiking,Hiking,Tourism,Tourism,Tourism,Tourism,,,
Bulgaria,Tourist,Montenegro,Bulgaria,Corsica,cyclo,cyclo,Bulgaria,cyclo,cyclo,,,,,
In general,In general,Hiking,Hiking,Hiking,Hiking,Hiking,VHT,hotelbuses,hotelbuses,Hiking,Hiking,Hiking,Hiking,hotelbuses
In general,In general,Tourism,Tourism,Tourism,Tourism,Tourism,Tourism,Tourism,Tourism,In general,,,,
Tours with accommodation,Tours with accommodation,Tours with accommodation,Tours with accommodation,Tours with accommodation,Tours with accommodation,Tours with accommodation,Tours with accommodation,Tours with accommodation,Tours with accommodation,Tours with accommodation,,,,
In general,Neni,Tours with accommodation,Tours with lightweight tourism,Tours with lightweight tourism,Tours with lightweight tourism,Tours with accommodation,Tours with accommodation,Tours with accommodation,Tours with accommodation,Tours with accommodation,Tours with accommodation,Tours with accommodation,,
Hiking,Alps,Hiking,Neni,In general,Hiking,Alps,Alps,Hiking,In general,,,,,
VHT,Lastminute,VHT,VHT,Lastminute,VHT,exotica,VHT,VHT,VHT,exotica,,,,
In general,Hiking,Tourism,Hiking,Hiking,Hiking,In general,Hiking,Hiking,Hiking,Hiking,Hiking,Hiking,Hiking,Hiking
In general,Neni,Tourist,Tourism,Tours with lightweight tourism,Tours with lightweight tourism,Stays with trips,Tourism,Tourism,Tourism,Tourism,Tours with accommodation,,,
In general,In general,In general,Tourism,Tourism,Tourism,Water,Hiking,Hiking,Hiking,Hiking,Tourism,Tourism,Hiking,Hiking
In general,In general,Corsica,Tours with accommodation,Lastminute,cyclo,Water,Hiking,Ski,cyclo,Tours with accommodation,cyclo,Hiking,In general,
In general,In general,Hiking,Hiking,Hiking,Hiking,Hiking,Hiking,Hiking,Hiking,,,,,
In general,Corsica,Neni,School tours,Holiday Shipping,Lastminute,Alps,Corsica,Tours with lightweight tourism,Alps,Bulgaria,,,,
Hiking,In general,Hiking,Hiking,Hiking,Hiking,Hiking,Hiking,Hiking,Hiking,,,,,
Tourism,exotica,challenging expedition,Tourism,Tourism,exotica,exotica,exotica,exotica,exotica,,,,,
In general,Neni,Lastminute,Stays with trips,Tours with lightweight tourism,Stays with trips,Tourism,Tours with lightweight tourism,Stays with trips,Stays with trips,In general,,,,
Neni,Neni,Lastminute,Tourism,Neni,Hiking,Tours with lightweight tourism,Tourism,Tourism,Tourism,Tours with lightweight tourism,Tours with accommodation,Tours with accommodation,,
In general,In general,Lastminute,Tourism,Tourism,Lastminute,Tourism,Tours with accommodation,Tours with accommodation,Tourism,,,,,
exotica,exotica,Corsica,Tourist,Tourist,Corsica,Tourist,In general,In general,In general,,,,,
In general,Hiking,Hiking,Lastminute,challenging expedition,Tourism,Hiking,Tours with accommodation,Tourism,In general,,,,,
exotica,Bulgaria,Tourist,Corsica,Lipari,Bulgaria,Tours with accommodation,exotica,exotica,exotica,exotica,Bulgaria,Bulgaria,Corsica,Lipari
Tours with accommodation,exotica,challenging expedition,exotica,exotica,exotica,challenging expedition,challenging expedition,challenging expedition,challenging expedition,,,,,
In general,VHT,challenging expedition,VHT,Lipari,VHT,VHT,VHT,challenging expedition,VHT,VHT,In general,,,
In general,Lastminute,rafting,Water,VHT,Hiking,Neni,Water,exotica,exotica,exotica,Hiking,Hiking,Hiking,Hiking
In general,rafting,Lastminute,School tours,Tourist,Stays with trips,Montenegro,Stays with trips,Montenegro,Lipari,Montenegro,,,,
In general,Neni,Neni,Tours with lightweight tourism,Hiking,Alps,Alps,Alps,Alps,Stays with trips,Stays with trips,Stays with trips,Hiking,Corsica,
Neni,Lastminute,Lipari,Tourist,Lastminute,Tours with accommodation,Bulgaria,challenging expedition,rafting,Tourism,exotica,In general,In general,In general,In general
Ski,Lastminute,exotica,Hiking,Tourism,VHT,Ski,exotica,exotica,exotica,exotica,Hiking,Tourism,,
In general,Water,rafting,Tours with accommodation,Alps,Ski,Lastminute,exotica,cyclo,Lastminute,climbing school,Montenegro,Water,Tourist,rafting
In general,In general,Hiking,Hiking,Tourism,VHT,Hiking,Hiking,Hiking,Hiking,Hiking,Hiking,Hiking,Hiking,Hiking
exotica,challenging expedition,Neni,exotica,exotica,exotica,exotica,exotica,undetected,exotica,,,,,
In general,exotica,challenging expedition,Hiking,cyclo,exotica,exotica,Hiking,Hiking,Hiking,cyclo,cyclo,,,
Corsica,Tourism,Hiking,Corsica,Montenegro,Bulgaria,Tourist,Stays with trips,Tourism,Tourism,,,,,
exotica,exotica,exotica,exotica,In general,In general,exotica,exotica,exotica,exotica,,,,,
Tours with accommodation,Bulgaria,Bulgaria,Tours with accommodation,Neni,Bulgaria,Bulgaria,Bulgaria,Tours with accommodation,Tours with accommodation,Tours with accommodation,Tours with accommodation,Tours with lightweight tourism,Tours with accommodation,
In general,Montenegro,Corsica,Holiday Shipping,Montenegro,hotelbuses,cyclo,Tours with lightweight tourism,Corsica,Montenegro,In general,,,,
In general,Alps,Stays with trips,School tours,Neni,Alps,Lipari,Stays with trips,Tours with lightweight tourism,Tourism,Corsica,,,,
Neni,Tours with accommodation,VHT,Tourism,Lastminute,Tourism,Tours with accommodation,Tours with accommodation,Tours with accommodation,Tours with accommodation,Tours with accommodation,Tours with accommodation,VHT,VHT,
In general,Tourist,Tourist,Stays with trips,Alps,Alps,Alps,Alps,Alps,Tourist,Alps,Alps,Alps,Alps,Alps
In general,Neni,Tours with lightweight tourism,Tours with lightweight tourism,Tours with lightweight tourism,Tours with lightweight tourism,Tours with lightweight tourism,Tours with lightweight tourism,Tours with lightweight tourism,Tours with accommodation,Tours with accommodation,Tours with accommodation,Tours with accommodation,Tours with accommodation,Tours with accommodation
In general,In general,In general,In general,Tours with accommodation,Tourism,Tours with accommodation,Tourism,rafting,Tourism,Tours with accommodation,Tours with lightweight tourism,Tours with accommodation,Tours with accommodation,In general
In general,Hiking,Hiking,Hiking,Hiking,Hiking,Hiking,Hiking,Hiking,Hiking,Hiking,Hiking,Hiking,Hiking,Hiking
In general,In general,hotelbuses,hotelbuses,Lastminute,Lipari,Corsica,Tours with accommodation,Tours with accommodation,Tourist,Stays with trips,hotelbuses,Lipari,Corsica,Tours with accommodation
In general,Alps,Alps,Corsica,challenging expedition,Alps,Tours with accommodation,Tours with accommodation,Alps,Alps,Alps,Ski,Corsica,In general,
Hiking,Hiking,Hiking,exotica,Hiking,exotica,exotica,Hiking,VHT,challenging expedition,VHT,Hiking,Hiking,Hiking,Hiking
In general,In general,Holiday Shipping,Lipari,Tourist,Alps,Lipari,Holiday Shipping,Neni,Lastminute,Ski,Lipari,Ski,Ski,
In general,Tourism,Neni,Tourism,Tours with accommodation,Neni,Tourism,Tourism,Tourism,Tourism,Tours with accommodation,Tours with accommodation,Tourism,,
In general,Tours with accommodation,Tours with accommodation,Neni,hotelbuses,hotelbuses,Neni,Tourism,Tours with accommodation,hotelbuses,,,,,
In general,In general,Corsica,Hiking,Tourism,Neni,Tours with accommodation,Hiking,Tours with accommodation,In general,In general,In general,,,
challenging expedition,Tours with accommodation,Tours with accommodation,exotica,Tourism,Tours with lightweight tourism,Tours with lightweight tourism,Tours with lightweight tourism,Tours with lightweight tourism,exotica,exotica,exotica,exotica,,
Tourism,Hiking,challenging expedition,exotica,Tourism,Tourism,Tourism,Tourism,Tourism,Tourism,Tourism,Tourism,Tourism,Hiking,VHT
In general,Hiking,Tourism,Hiking,Tourism,Tourism,Tourism,Tourism,Tourism,Tourism,,,,,
In general,Golf,Tourism,Tours with lightweight tourism,Hiking,Hiking,Hiking,Hiking,Hiking,Hiking,Hiking,Hiking,cyclo,Alps,Tourism
Lipari,Lastminute,Corsica,Stays with trips,Tourist,exotica,Ski,exotica,VHT,Hiking,Ski,Tourism,Lipari,Tourist,exotica
In general,In general,cyclo,cyclo,cyclo,cyclo,cyclo,cyclo,cyclo,cyclo,cyclo,cyclo,cyclo,,
In general,Stays with trips,Neni,Stays with trips,Neni,Tours with lightweight tourism,Alps,Tours with lightweight tourism,Alps,Alps,Corsica,,,,
In general,Stays with trips,Corsica,School tours,Tourism,Stays with trips,Corsica,Tourism,Tourism,Tourism,Tourism,Tourism,Tourism,Tourism,Tourism
In general,VHT,challenging expedition,Tourism,VHT,VHT,exotica,Hiking,Lipari,Lastminute,challenging expedition,Tourism,VHT,VHT,VHT
In general,Hiking,challenging expedition,VHT,challenging expedition,Tourism,Hiking,Lastminute,VHT,Hiking,VHT,climbing school,Tourism,VHT,Hiking
Neni,Lastminute,Tourist,Neni,Stays with trips,Tours with accommodation,Holiday Shipping,Tours with lightweight tourism,Holiday Shipping,Tours with lightweight tourism,,,,,
In general,Lipari,Lipari,hotelbuses,hotelbuses,Lipari,Neni,Lipari,Lipari,hotelbuses,,,,,
In general,Bulgaria,Tourist,Bulgaria,Bulgaria,Tourist,Tourist,Stays with trips,Stays with trips,Stays with trips,hotelbuses,Tours with lightweight tourism,Montenegro,,
In general,In general,Tours with accommodation,Corsica,Tourism,Tours with accommodation,Bulgaria,Stays with trips,Stays with trips,In general,,,,,
exotica,Lastminute,Montenegro,Neni,Tours with accommodation,Corsica,VHT,Lastminute,Stays with trips,Tours with lightweight tourism,Tours with lightweight tourism,,,,
In general,Corsica,Stays with trips,Neni,Alps,Tours with accommodation,hotelbuses,Alps,In general,Corsica,Stays with trips,Tours with lightweight tourism,Tours with lightweight tourism,Tours with lightweight tourism,Tours with accommodation
In general,In general,In general,Hiking,VHT,climbing school,challenging expedition,Corsica,climbing school,VHT,climbing school,,,,
challenging expedition,Lastminute,Tourism,challenging expedition,Tourism,Tours with accommodation,challenging expedition,Stays with trips,Tourist,Neni,Tours with accommodation,Tourism,Tours with accommodation,Tours with accommodation,Tours with accommodation
In general,Tours with accommodation,Lastminute,Tours with accommodation,Tours with accommodation,Tours with accommodation,Tours with accommodation,Tours with accommodation,Tours with accommodation,Tours with accommodation,Tours with accommodation,Tours with accommodation,Tours with accommodation,Tourism,
In general,Hiking,Hiking,Hiking,Hiking,Lastminute,Lastminute,Hiking,Hiking,Hiking,Hiking,Hiking,Ski,Hiking,Hiking
In general,exotica,Ski,exotica,exotica,exotica,exotica,exotica,exotica,exotica,exotica,In general,,,
In general,challenging expedition,VHT,climbing school,Hiking,VHT,climbing school,Hiking,Hiking,Hiking,,,,,
In general,Lastminute,Tourism,Tourism,Tourism,Lastminute,Tourism,Tourism,Tourism,Tourism,Tourism,Tourism,,,
In general,In general,In general,In general,In general,In general,Lastminute,challenging expedition,exotica,challenging expedition,exotica,,,,
In general,Neni,Neni,Alps,Tours with lightweight tourism,Hiking,Hiking,Hiking,Hiking,Hiking,Hiking,Hiking,Hiking,Hiking,Hiking
In general,Hiking,VHT,Tourism,Hiking,Tourism,Hiking,Tourism,Tourism,Tourism,Tourism,Tourism,Tourism,,
In general,hotelbuses,climbing school,Hiking,Tourism,hotelbuses,hotelbuses,Hiking,Hiking,Hiking,Tourism,Tourism,Tourism,,
In general,Neni,challenging expedition,exotica,Tourism,undetected,Tours with lightweight tourism,challenging expedition,challenging expedition,exotica,Tourism,Tourism,Tourism,Tourism,Tourism
In general,In general,cyclo,Tourism,Tourism,Tourism,Tourism,Tourism,Tourism,Tourism,Tourism,Tourism,Tourism,Tourism,Tourism
In general,exotica,VHT,Tours with accommodation,VHT,Tourism,VHT,Tours with accommodation,exotica,In general,,,,,
In general,In general,In general,Neni,Lastminute,Tours with accommodation,Neni,Neni,In general,Tours with lightweight tourism,,,,,
In general,exotica,VHT,Hiking,Tourism,Hiking,Hiking,Hiking,Hiking,Hiking,Hiking,Hiking,Tourism,Tourism,
In general,Tours with accommodation,Lipari,Corsica,Tours with accommodation,Tours with accommodation,Tours with accommodation,Tours with accommodation,Tours with accommodation,Tours with accommodation,Tours with accommodation,Lipari,Corsica,,
In general,In general,Lipari,Lipari,Neni,Neni,Lipari,Bulgaria,Bulgaria,Lipari,Lipari,Lipari,Stays with trips,Tours with lightweight tourism,Lipari
In general,Alps,Lipari,Alps,Alps,Alps,Water,Tours with lightweight tourism,In general,In general,,,,,
In general,Tourism,cyclo,exotica,challenging expedition,Tourism,cyclo,exotica,exotica,hotelbuses,challenging expedition,exotica,exotica,,
Bulgaria,Stays with trips,Corsica,Tourist,Corsica,Stays with trips,Stays with trips,Lipari,Tourism,Montenegro,,,,,
In general,In general,Hiking,Tourist,Neni,VHT,Tourism,Lastminute,Holiday Shipping,Lastminute,Tourism,VHT,Hiking,Hiking,climbing school
In general,In general,In general,In general,Hiking,VHT,challenging expedition,VHT,Ski,challenging expedition,Ski,VHT,Hiking,Ski,Ski
Hiking,challenging expedition,cyclo,exotica,Ski,Hiking,cyclo,exotica,exotica,exotica,,,,,
In general,In general,rafting,Hiking,Hiking,rafting,Water,rafting,rafting,challenging expedition,challenging expedition,Hiking,rafting,challenging expedition,
In general,Neni,Tours with lightweight tourism,Tours with lightweight tourism,Tours with lightweight tourism,Tours with lightweight tourism,Tours with lightweight tourism,Tours with lightweight tourism,Tours with lightweight tourism,Tours with lightweight tourism,Tours with lightweight tourism,Tours with lightweight tourism,Tours with lightweight tourism,Tours with lightweight tourism,Tours with lightweight tourism
In general,Tourism,exotica,challenging expedition,Water,VHT,exotica,exotica,exotica,VHT,,,,,
In general,In general,In general,In general,In general,Tourism,challenging expedition,Tourism,Tourism,Corsica,Bulgaria,Lastminute,Neni,Tours with accommodation,Stays with trips
In general,Hiking,Neni,Hiking,Tourism,cyclo,challenging expedition,Tourism,cyclo,Tours with accommodation,cyclo,cyclo,cyclo,In general,
In general,Neni,Stays with trips,Tourist,Alps,Tours with lightweight tourism,Tours with lightweight tourism,Tours with lightweight tourism,Tours with lightweight tourism,Stays with trips,Stays with trips,Stays with trips,Tourist,,
In general,In general,Hiking,Hiking,VHT,Hiking,Hiking,VHT,exotica,In general,,,,,
In general,Alps,Neni,Alps,Alps,Alps,Tours with lightweight tourism,Tours with lightweight tourism,Alps,Alps,Alps,Alps,,,
In general,In general,Tourist,Neni,Stays with trips,Tours with accommodation,Bulgaria,Lipari,Lastminute,Montenegro,Tourist,Bulgaria,Lipari,Corsica,Montenegro
In general,Tourism,Hiking,Tourism,Corsica,Neni,hotelbuses,Tourist,Stays with trips,Corsica,Tourist,Stays with trips,Tours with lightweight tourism,Stays with trips,Stays with trips
In general,Lastminute,cyclo,Water,rafting,Tourist,Neni,Lastminute,hotelbuses,Lipari,Lipari,,,,
In general,In general,VHT,Hiking,Hiking,Hiking,climbing school,Hiking,Hiking,Hiking,Hiking,Hiking,climbing school,,
In general,In general,In general,Corsica,Corsica,Holiday Shipping,Corsica,Corsica,Corsica,Holiday Shipping,Corsica,,,,
In general,VHT,Holiday Shipping,Lastminute,Hiking,hotelbuses,Neni,challenging expedition,Hiking,Tourism,Neni,Hiking,Hiking,Tours with accommodation,Tours with lightweight tourism
Corsica,Neni,Neni,Neni,Tours with accommodation,Neni,Tours with lightweight tourism,Tours with accommodation,Tours with lightweight tourism,Tourism,In general,In general,,,
In general,In general,Tourism,Corsica,Stays with trips,Tourism,Tourism,Tourism,hotelbuses,Tourism,,,,,
In general,Tourism,cyclo,Lastminute,challenging expedition,Tourism,cyclo,cyclo,cyclo,cyclo,cyclo,challenging expedition,challenging expedition,challenging expedition,
Lastminute,Holiday Shipping,Lastminute,Stays with trips,Neni,cyclo,Tourism,challenging expedition,Tours with accommodation,Tourism,,,,,
exotica,VHT,Tourism,exotica,exotica,exotica,exotica,exotica,exotica,exotica,exotica,exotica,VHT,,
In general,Hiking,VHT,challenging expedition,Ski,Hiking,Hiking,Hiking,Hiking,Hiking,Hiking,Hiking,Hiking,VHT,VHT
In general,Tourist,Tours with accommodation,Tourist,Tourist,Tourist,Tours with accommodation,Tours with accommodation,Tours with accommodation,Tours with accommodation,Tourist,Tourist,Tourist,,
In general,exotica,Neni,Alps,exotica,exotica,exotica,exotica,exotica,Tours with lightweight tourism,Tours with lightweight tourism,,,,
In general,Tourist,Stays with trips,Neni,Tours with accommodation,hotelbuses,School tours,Lastminute,Tourist,Tourist,Stays with trips,In general,,,
In general,Tours with accommodation,Neni,Tours with accommodation,Tours with accommodation,Tours with accommodation,Tours with accommodation,Tours with accommodation,Tours with accommodation,Tours with accommodation,Tours with accommodation,Tours with accommodation,Tours with accommodation,Tours with lightweight tourism,Tours with lightweight tourism
In general,In general,In general,Tourism,Neni,Corsica,Tourism,Corsica,Corsica,Corsica,In general,In general,In general,In general,In general
In general,Neni,Tours with accommodation,Tours with lightweight tourism,Tours with lightweight tourism,Tours with accommodation,Tours with accommodation,Tours with accommodation,Tours with accommodation,Tours with accommodation,Tourism,,,,
In general,In general,In general,Hiking,Hiking,Hiking,Hiking,Hiking,challenging expedition,challenging expedition,climbing school,climbing school,Hiking,Hiking,Hiking
In general,In general,In general,Lastminute,In general,VHT,exotica,rafting,exotica,Ski,,,,,
In general,In general,Neni,Hiking,Lastminute,VHT,climbing school,Alps,climbing school,In general,,,,,
In general,Tourism,Hiking,Alps,Alps,Hiking,Alps,Alps,Tours with lightweight tourism,Alps,,,,,
In general,Tourism,Hiking,VHT,challenging expedition,cyclo,Tourism,Tourism,Hiking,Hiking,cyclo,cyclo,In general,,
Holiday Shipping,Lipari,Bulgaria,challenging expedition,challenging expedition,Lastminute,Stays with trips,Bulgaria,challenging expedition,challenging expedition,,,,,
In general,Tourism,Hiking,VHT,exotica,challenging expedition,Lastminute,hotelbuses,Tours with accommodation,Stays with trips,Tourism,Tourism,VHT,exotica,exotica
Hiking,exotica,climbing school,climbing school,Lastminute,Alps,hotelbuses,challenging expedition,climbing school,climbing school,challenging expedition,,,,
Tourist,Bulgaria,Tours with accommodation,Hiking,Lastminute,Tourism,Tourism,Tourism,Hiking,Hiking,Hiking,,,,
Hiking,rafting,Water,exotica,Hiking,Hiking,Water,exotica,exotica,exotica,,,,,
In general,Lastminute,Tourism,challenging expedition,Hiking,Water,cyclo,exotica,hotelbuses,challenging expedition,exotica,hotelbuses,,,
In general,Tourist,Stays with trips,Stays with trips,Lipari,hotelbuses,Alps,Bulgaria,Tours with accommodation,Tours with lightweight tourism,Tours with lightweight tourism,Tours with lightweight tourism,Tours with lightweight tourism,Tours with lightweight tourism,Tours with lightweight tourism
In general,In general,In general,Hiking,Neni,VHT,Hiking,Hiking,Hiking,Hiking,Hiking,Hiking,In general,,
In general,cyclo,Tours with accommodation,Tours with accommodation,cyclo,cyclo,Tours with accommodation,exotica,Tours with accommodation,cyclo,exotica,cyclo,cyclo,exotica,In general
In general,In general,Water,VHT,Tourism,Tourism,Water,Tourism,In general,In general,,,,,
In general,cyclo,Stays with trips,Neni,Tourist,cyclo,cyclo,cyclo,cyclo,cyclo,cyclo,Stays with trips,Stays with trips,Stays with trips,Stays with trips
Neni,Neni,Montenegro,Corsica,Lipari,Ski,Tours with lightweight tourism,hotelbuses,Tours with lightweight tourism,exotica,,,,,
In general,Tourist,Stays with trips,Neni,Tours with lightweight tourism,cyclo,Hiking,Alps,Alps,Alps,Alps,Alps,,,
In general,Tourist,Tourist,Lastminute,Bulgaria,Tourist,Tours with accommodation,Tours with accommodation,Holiday Shipping,Bulgaria,In general,In general,,,
In general,Hiking,Water,Hiking,Hiking,Hiking,Hiking,Water,Water,Water,,,,,
Hiking,challenging expedition,VHT,Tourism,Hiking,Hiking,Hiking,Hiking,Hiking,VHT,Tourism,,,,
In general,In general,In general,In general,In general,In general,In general,In general,In general,In general,In general,Water,cyclo,Lastminute,Water
Tours with accommodation,Lastminute,cyclo,VHT,cyclo,cyclo,Tourism,challenging expedition,VHT,VHT,VHT,VHT,,,
climbing school,Lastminute,Tourism,Hiking,VHT,rafting,cyclo,exotica,challenging expedition,Ski,climbing school,Tourism,rafting,rafting,rafting
In general,Lastminute,Tours with accommodation,exotica,Tours with accommodation,Neni,Tours with accommodation,Tours with accommodation,exotica,Tours with accommodation,Tours with accommodation,Tours with lightweight tourism,Tours with lightweight tourism,,
In general,Hiking,Lastminute,Hiking,VHT,Water,exotica,challenging expedition,climbing school,Ski,Neni,School tours,,,
VHT,VHT,cyclo,exotica,Corsica,Hiking,Hiking,Hiking,Hiking,Corsica,Tourism,VHT,In general,,
Lastminute,Corsica,Corsica,Tourism,Tours with accommodation,Tours with accommodation,Tours with lightweight tourism,Tours with accommodation,Lipari,Stays with trips,Tourism,Tours with accommodation,In general,,
In general,Alps,Corsica,Alps,In general,In general,In general,In general,In general,In general,,,,,
Tourism,Montenegro,Tourism,Alps,Hiking,Tourism,Tourism,Hiking,Hiking,rafting,,,,,
In general,Neni,Lastminute,Hiking,Lastminute,Tours with lightweight tourism,rafting,Hiking,Hiking,Hiking,In general,,,,
Hiking,VHT,exotica,exotica,exotica,challenging expedition,Lastminute,challenging expedition,exotica,Hiking,exotica,exotica,,,
In general,Holiday Shipping,cyclo,Tourist,Montenegro,Tourist,Corsica,Holiday Shipping,cyclo,Tourist,Tourist,Montenegro,Corsica,In general,
exotica,Lastminute,cyclo,Tourism,Stays with trips,Tourist,Neni,hotelbuses,exotica,cyclo,Tourism,exotica,In general,,
In general,In general,In general,Neni,Neni,Alps,Hiking,Tours with lightweight tourism,Tours with accommodation,Tourism,,,,,
School tours,Tours with accommodation,Lastminute,School tours,School tours,Tours with accommodation,School tours,School tours,School tours,School tours,,,,,
In general,Hiking,climbing school,Hiking,Hiking,Hiking,Hiking,Hiking,Hiking,Hiking,climbing school,climbing school,,,
In general,In general,In general,cyclo,cyclo,Lastminute,challenging expedition,Lastminute,VHT,Holiday Shipping,exotica,cyclo,cyclo,challenging expedition,exotica
In general,Tourism,Hiking,VHT,cyclo,exotica,challenging expedition,climbing school,Ski,Lastminute,Alps,hotelbuses,Tourism,Tourism,Tourism
Corsica,Corsica,Stays with trips,Tourist,Tourist,Montenegro,Corsica,Stays with trips,Tourist,Montenegro,,,,,
Stays with trips,Neni,Neni,Stays with trips,Stays with trips,Neni,Stays with trips,Stays with trips,Tours with accommodation,hotelbuses,Lastminute,Tourism,Tours with lightweight tourism,Tours with lightweight tourism,Tours with lightweight tourism
In general,Hiking,challenging expedition,Hiking,VHT,climbing school,Lastminute,Hiking,challenging expedition,VHT,VHT,climbing school,,,
challenging expedition,Lipari,Tourist,Stays with trips,Neni,Stays with trips,Tours with accommodation,Tours with accommodation,Tours with accommodation,Tours with accommodation,Tours with lightweight tourism,Tours with accommodation,Tours with accommodation,Tours with accommodation,
In general,In general,Lastminute,challenging expedition,exotica,Alps,In general,In general,exotica,Alps,In general,,,,
In general,Neni,Tourism,cyclo,Alps,Tours with accommodation,Tours with accommodation,Water,Tours with accommodation,Tours with accommodation,,,,,
In general,Tourism,Tourism,Tourism,Tourism,Tourism,Tourism,Tourism,Hiking,Hiking,Hiking,Tourism,exotica,exotica,exotica
In general,In general,Lastminute,challenging expedition,Hiking,Neni,Hiking,climbing school,challenging expedition,rafting,climbing school,Hiking,rafting,,
Hiking,Tourism,Hiking,Hiking,Hiking,Hiking,Hiking,Tourism,In general,In general,,,,,
In general,In general,In general,In general,VHT,challenging expedition,Water,rafting,VHT,exotica,VHT,VHT,VHT,challenging expedition,exotica
In general,In general,In general,Hiking,Neni,Tourism,Tourism,Tourism,Tours with lightweight tourism,Tours with lightweight tourism,Tourism,Tourism,Tourism,Tourism,Tourism
In general,Corsica,Bulgaria,Corsica,Holiday Shipping,Stays with trips,Lipari,Bulgaria,Ski,In general,,,,,
In general,Neni,Tours with accommodation,Neni,Corsica,Corsica,Corsica,Corsica,Corsica,Tours with lightweight tourism,In general,,,,
In general,exotica,Lastminute,Neni,hotelbuses,Tours with accommodation,exotica,exotica,exotica,Tours with lightweight tourism,hotelbuses,Tours with accommodation,Tours with accommodation,,
In general,Hiking,Alps,Hiking,Tours with accommodation,Lastminute,Hiking,Hiking,Hiking,Hiking,Corsica,Tours with accommodation,,,
In general,Lastminute,Tours with accommodation,cyclo,Tourism,Hiking,Alps,hotelbuses,Water,rafting,cyclo,Neni,hotelbuses,Stays with trips,Hiking
In general,In general,rafting,challenging expedition,cyclo,hotelbuses,Montenegro,Tourism,rafting,rafting,rafting,rafting,,,
In general,Tourism,Tourism,Lipari,Tourist,Stays with trips,Stays with trips,Stays with trips,Neni,Neni,Neni,Tours with accommodation,Tourism,Tourism,exotica
In general,In general,In general,Hiking,Hiking,Hiking,Hiking,Neni,challenging expedition,VHT,VHT,Hiking,Hiking,Hiking,Alps
In general,In general,In general,exotica,exotica,exotica,exotica,exotica,exotica,challenging expedition,exotica,In general,In general,In general,In general
In general,Tours with accommodation,Tourist,Tours with accommodation,Tours with accommodation,Tours with accommodation,Tours with accommodation,Lipari,Tours with accommodation,Tours with accommodation,,,,,
In general,VHT,climbing school,Ski,climbing school,rafting,climbing school,rafting,VHT,Tourism,,,,,
In general,In general,Hiking,Holiday Shipping,Neni,cyclo,Stays with trips,Neni,Lastminute,Neni,cyclo,Hiking,,,
cyclo,Tourism,Lipari,Hiking,Neni,cyclo,Corsica,cyclo,Tourism,Tourism,Tourism,Lipari,Tours with lightweight tourism,Tours with lightweight tourism,Tours with lightweight tourism
In general,Hiking,climbing school,Hiking,Hiking,Hiking,Hiking,climbing school,climbing school,climbing school,climbing school,,,,
In general,Neni,Bulgaria,Montenegro,Tours with lightweight tourism,Bulgaria,Montenegro,Tourist,Stays with trips,Lipari,Tourism,,,,
In general,Bulgaria,Lastminute,Tours with accommodation,Tours with accommodation,Stays with trips,Bulgaria,Tours with accommodation,Tours with accommodation,Tours with accommodation,Tours with accommodation,Tours with accommodation,Tours with accommodation,Tours with accommodation,Tours with accommodation
Hiking,Montenegro,Neni,Tours with lightweight tourism,Tourism,Tours with lightweight tourism,Tours with lightweight tourism,Tours with lightweight tourism,Tours with lightweight tourism,Tours with lightweight tourism,Tours with lightweight tourism,Tours with lightweight tourism,,,
Tourist,Stays with trips,hotelbuses,Tours with accommodation,Tourist,Stays with trips,Tours with accommodation,Tours with accommodation,Tours with accommodation,Tours with accommodation,,,,,
Neni,VHT,Hiking,climbing school,challenging expedition,Bulgaria,Montenegro,Tours with lightweight tourism,hotelbuses,VHT,Hiking,Hiking,Hiking,Bulgaria,Montenegro
In general,Alps,Hiking,Neni,Alps,Alps,Alps,Alps,Hiking,Hiking,Hiking,Hiking,Hiking,Hiking,Hiking
In general,Tourism,Hiking,VHT,Lipari,VHT,hotelbuses,Tourist,Neni,Tours with accommodation,Tourism,hotelbuses,Tours with accommodation,Tours with accommodation,
In general,In general,Lastminute,Neni,exotica,exotica,exotica,exotica,exotica,exotica,exotica,exotica,exotica,exotica,exotica
In general,Water,Ski,Tours with accommodation,Water,Water,Ski,Hiking,Hiking,Hiking,Tours with lightweight tourism,Tours with accommodation,,,
In general,Tourism,Hiking,Lastminute,Tours with accommodation,Tourism,Tours with accommodation,Tours with accommodation,Tourism,In general,In general,,,,
In general,Neni,Neni,Neni,Tours with accommodation,Hiking,Hiking,Tourism,Tourism,Tourism,Tourism,Tours with lightweight tourism,Tours with lightweight tourism,Hiking,Tourism
In general,Tourism,exotica,exotica,Tourism,Tourism,Hiking,Hiking,Hiking,VHT,VHT,VHT,VHT,,
In general,In general,In general,In general,In general,In general,Bulgaria,exotica,Montenegro,Neni,Montenegro,Montenegro,Montenegro,Tours with lightweight tourism,Tours with lightweight tourism
In general,In general,In general,Golf,Golf,Holiday Shipping,Golf,Lastminute,Golf,Holiday Shipping,,,,,
In general,Hiking,VHT,Water,rafting,climbing school,Tourism,climbing school,climbing school,climbing school,,,,,
VHT,cyclo,Tourism,cyclo,cyclo,cyclo,cyclo,cyclo,cyclo,cyclo,cyclo,Tourism,,,
In general,Tourism,Corsica,Tourism,Corsica,Tours with accommodation,Tours with accommodation,Tours with accommodation,Tours with accommodation,Lipari,,,,,
Tourism,Tourism,Tours with accommodation,Alps,Tours with lightweight tourism,Tours with accommodation,Tourism,Tourism,Alps,Hiking,undetected,Hiking,Alps,Alps,Alps
In general,In general,Lastminute,Lipari,Corsica,Tourist,Stays with trips,Neni,Holiday Shipping,Stays with trips,,,,,
In general,Lastminute,Tourism,Water,Water,Tours with accommodation,School tours,Water,In general,In general,,,,,
In general,Tourist,Montenegro,Corsica,Stays with trips,Neni,climbing school,Tours with accommodation,Stays with trips,Tours with lightweight tourism,In general,,,,
Tourism,exotica,Lastminute,Neni,Stays with trips,Hiking,Tourism,Tourism,Tourism,Tourism,Tourism,Tourism,exotica,exotica,exotica
In general,In general,exotica,hotelbuses,Tours with accommodation,Tours with accommodation,cyclo,Tours with accommodation,Tourism,Tours with accommodation,,,,,
In general,In general,In general,In general,Tourism,Tourism,In general,In general,In general,In general,In general,,,,
Tourism,Tours with lightweight tourism,Tours with lightweight tourism,Stays with trips,Tours with lightweight tourism,Tours with accommodation,Tours with accommodation,Tourism,In general,In general,,,,,
In general,In general,Hiking,climbing school,Hiking,Hiking,Hiking,Hiking,Hiking,Hiking,climbing school,climbing school,,,
Lastminute,Stays with trips,Neni,Stays with trips,Tours with accommodation,Stays with trips,Stays with trips,Stays with trips,Tours with accommodation,Tours with accommodation,,,,,
In general,Tourist,Stays with trips,Neni,Stays with trips,Tourism,Tours with lightweight tourism,Tours with accommodation,Alps,Tours with accommodation,,,,,
School tours,VHT,VHT,Montenegro,School tours,School tours,School tours,School tours,School tours,In general,In general,In general,,,
In general,Tourism,Hiking,VHT,Lastminute,hotelbuses,Tours with accommodation,Neni,Bulgaria,Lipari,Hiking,VHT,exotica,exotica,exotica
cyclo,Tourism,cyclo,Tourism,cyclo,cyclo,cyclo,cyclo,Ski,cyclo,,,,,
Corsica,Tours with accommodation,Stays with trips,Corsica,Tours with accommodation,Stays with trips,Stays with trips,Stays with trips,Stays with trips,Stays with trips,In general,,,,
In general,In general,In general,In general,In general,In general,Tourism,Lipari,Corsica,Hiking,Hiking,Water,Hiking,,
Hiking,Stays with trips,Neni,Lastminute,Ski,cyclo,cyclo,cyclo,cyclo,Water,Tours with lightweight tourism,Ski,,,
In general,In general,Tours with accommodation,Tourism,Hiking,exotica,Tourism,Tourism,Tourism,Tourism,In general,In general,In general,In general,
In general,In general,In general,In general,Stays with trips,Stays with trips,Stays with trips,Stays with trips,Stays with trips,In general,,,,,
In general,Hiking,Hiking,Hiking,Hiking,Hiking,Hiking,Hiking,Hiking,Hiking,,,,,
In general,In general,Tourism,Tourism,Tours with accommodation,Tours with accommodation,Tours with accommodation,Tours with accommodation,Tourism,Tours with accommodation,Tours with accommodation,Corsica,Tourism,Corsica,Tours with accommodation
In general,In general,hotelbuses,Tours with accommodation,Tours with accommodation,Tourism,Tourism,Tours with accommodation,Tourism,Tourism,Tours with accommodation,Tours with accommodation,Tourism,Tourism,
In general,In general,In general,In general,In general,Water,Hiking,Hiking,Hiking,Hiking,Hiking,In general,,,
Tourism,challenging expedition,VHT,Tourism,Tourism,challenging expedition,VHT,VHT,VHT,exotica,exotica,,,,
In general,Tours with accommodation,exotica,Lastminute,Tours with accommodation,Tours with accommodation,Tours with accommodation,Tours with accommodation,Tours with accommodation,Tours with accommodation,exotica,Montenegro,,,
In general,Hiking,Alps,Ski,VHT,Tourism,Hiking,Neni,Hiking,Hiking,Hiking,,,,
In general,exotica,exotica,Lastminute,challenging expedition,challenging expedition,Lastminute,Lipari,Lipari,hotelbuses,hotelbuses,Montenegro,Montenegro,Tourist,Montenegro
In general,VHT,Hiking,climbing school,cyclo,exotica,Alps,Corsica,Hiking,Hiking,Hiking,climbing school,cyclo,cyclo,Alps
In general,hotelbuses,Tours with accommodation,challenging expedition,Corsica,Tours with accommodation,Tours with accommodation,Tours with accommodation,Tours with accommodation,Tours with accommodation,Tours with accommodation,Tours with accommodation,Tours with accommodation,Tours with accommodation,challenging expedition
In general,Neni,Alps,Tours with lightweight tourism,Tours with lightweight tourism,Tours with lightweight tourism,Tours with lightweight tourism,Alps,Alps,Alps,,,,,
Tourism,Hiking,Hiking,Hiking,Hiking,Hiking,Hiking,Hiking,Hiking,Hiking,Hiking,,,,
In general,In general,In general,In general,In general,In general,In general,In general,Hiking,Tourism,Tourism,Tourism,Tourism,Tours with accommodation,Tourism
In general,Corsica,Lastminute,cyclo,Water,climbing school,Ski,Corsica,cyclo,Ski,,,,,
In general,Lipari,Neni,Neni,Neni,Neni,Neni,exotica,Tours with lightweight tourism,Tours with lightweight tourism,Tours with lightweight tourism,Tours with lightweight tourism,exotica,Tours with accommodation,Corsica
In general,Hiking,Tourism,VHT,Hiking,exotica,Tourism,Tourism,In general,In general,,,,,
In general,Tourism,challenging expedition,Neni,hotelbuses,exotica,Tours with accommodation,Tours with lightweight tourism,Tours with accommodation,hotelbuses,exotica,exotica,exotica,exotica,exotica
In general,In general,In general,In general,Lastminute,exotica,Neni,exotica,Lastminute,exotica,exotica,,,,
In general,In general,In general,climbing school,Hiking,Water,Corsica,challenging expedition,Lastminute,Corsica,Water,Hiking,climbing school,climbing school,Ski
Hiking,Tourism,Montenegro,VHT,Hiking,Hiking,Hiking,Hiking,Tourism,Tourism,Montenegro,Tourism,Tourism,,
In general,Tourism,Hiking,Hiking,Hiking,Hiking,Hiking,Hiking,Hiking,Hiking,Hiking,Hiking,,,
In general,Hiking,rafting,rafting,Hiking,rafting,rafting,rafting,rafting,rafting,rafting,In general,,,
challenging expedition,Tourism,Hiking,VHT,cyclo,Hiking,Neni,Hiking,Tourism,Tourism,Tourism,Tourism,Tourism,Hiking,Hiking
In general,Lastminute,Hiking,VHT,challenging expedition,Hiking,Hiking,Hiking,Hiking,Hiking,Hiking,Hiking,,,
In general,In general,Tours with accommodation,Tourist,Hiking,Tourist,Tourist,Tours with accommodation,Tours with accommodation,Tourist,,,,,
In general,In general,In general,In general,In general,In general,In general,In general,In general,In general,In general,In general,In general,In general,In general
In general,In general,In general,In general,In general,In general,Lastminute,Holiday Shipping,In general,Tourism,In general,In general,In general,In general,In general
In general,Lastminute,Tourism,Tourism,Tourism,Tourism,Tourism,Tourism,Tourism,Tourism,,,,,
Tourism,Tours with accommodation,Tours with accommodation,Holiday Shipping,Stays with trips,Tourism,Tours with accommodation,Tours with accommodation,Tours with accommodation,Tours with accommodation,Tours with accommodation,hotelbuses,Tours with accommodation,Tours with accommodation,Tours with accommodation
In general,challenging expedition,Lastminute,climbing school,VHT,Hiking,In general,VHT,Hiking,VHT,Hiking,Hiking,Hiking,Hiking,Hiking
In general,In general,Tours with accommodation,Tours with accommodation,hotelbuses,Tourist,Tourism,Lastminute,Tourist,Corsica,Tours with accommodation,Tours with accommodation,Tourism,Corsica,
In general,Lastminute,Corsica,Neni,VHT,Tourism,Hiking,Hiking,VHT,VHT,VHT,VHT,,,
Tourism,Tourism,Tourism,Tourism,Tourism,Tourism,challenging expedition,Tourism,Tourism,Tourism,Tourism,Tourism,,,
In general,Lipari,Corsica,Stays with trips,Neni,Tourist,Alps,Tours with accommodation,hotelbuses,Hiking,cyclo,Lastminute,In general,,
In general,Tourism,exotica,exotica,exotica,exotica,exotica,exotica,exotica,In general,,,,,
In general,Lastminute,Tourist,Tourist,Tours with accommodation,Tourist,Stays with trips,Tourism,Tourist,In general,,,,,
In general,Hiking,exotica,challenging expedition,Tourist,Corsica,Stays with trips,Neni,Alps,Tours with accommodation,Holiday Shipping,Tours with accommodation,Stays with trips,Stays with trips,Stays with trips
In general,In general,rafting,Tourism,Hiking,Ski,challenging expedition,climbing school,Neni,Hiking,cyclo,Ski,Lipari,,
In general,In general,exotica,exotica,challenging expedition,Hiking,Neni,Stays with trips,Tours with accommodation,hotelbuses,Holiday Shipping,Tourism,Hiking,VHT,Neni
Neni,Corsica,Montenegro,Tourist,Lipari,Corsica,Montenegro,Stays with trips,Stays with trips,Stays with trips,Stays with trips,In general,,,
In general,Hiking,Tourism,VHT,Hiking,Hiking,Hiking,Hiking,Hiking,Hiking,Hiking,Hiking,,,
In general,Lastminute,Montenegro,Alps,Stays with trips,Neni,Alps,Tours with lightweight tourism,Tours with lightweight tourism,In general,,,,,
Montenegro,Neni,Tours with accommodation,Water,exotica,Lastminute,Tours with lightweight tourism,Tours with accommodation,Water,exotica,Ski,In general,,,
In general,In general,In general,In general,In general,In general,In general,In general,In general,In general,In general,In general,In general,In general,In general
In general,Tourism,Hiking,VHT,exotica,Hiking,VHT,VHT,VHT,exotica,,,,,
In general,In general,In general,In general,In general,In general,In general,In general,In general,In general,In general,School tours,Lastminute,School tours,In general
In general,Hiking,exotica,Tourism,Tourism,exotica,Tourism,Hiking,Hiking,exotica,In general,In general,,,
In general,Tours with accommodation,Neni,Tours with lightweight tourism,Tours with lightweight tourism,Tours with lightweight tourism,Tours with accommodation,Tours with accommodation,Tours with accommodation,Tours with accommodation,Tours with accommodation,Tours with accommodation,Tours with accommodation,Tours with accommodation,Tours with accommodation
In general,Hiking,rafting,Water,VHT,exotica,Neni,Corsica,Neni,Stays with trips,hotelbuses,Lastminute,,,
In general,Neni,Golf,hotelbuses,Tours with lightweight tourism,Tours with lightweight tourism,Tours with lightweight tourism,Tours with lightweight tourism,Tours with lightweight tourism,Golf,hotelbuses,,,,
challenging expedition,Tours with accommodation,Stays with trips,Neni,Tours with accommodation,In general,Tours with accommodation,Tours with accommodation,Tours with accommodation,Tours with accommodation,Tours with accommodation,Tours with accommodation,Tours with accommodation,Tours with accommodation,Tours with accommodation
In general,Neni,Stays with trips,Bulgaria,hotelbuses,Water,Tourism,Hiking,rafting,Lastminute,Tours with lightweight tourism,Lipari,Bulgaria,Tours with accommodation,Water
In general,In general,Tourism,Lastminute,Neni,challenging expedition,cyclo,Tourism,Ski,Tours with lightweight tourism,Lipari,cyclo,cyclo,challenging expedition,Tourism
In general,In general,In general,In general,Stays with trips,Stays with trips,Stays with trips,Stays with trips,Stays with trips,Stays with trips,Stays with trips,Stays with trips,Stays with trips,Tours with accommodation,Tours with accommodation
Corsica,hotelbuses,Corsica,Tours with lightweight tourism,Tourism,Tourism,Tours with accommodation,Tours with accommodation,Tours with accommodation,Tours with lightweight tourism,Tours with lightweight tourism,Tours with lightweight tourism,In general,,
In general,In general,In general,In general,Neni,Neni,Hiking,Hiking,Tours with accommodation,Tourist,Stays with trips,Tours with accommodation,Tours with accommodation,Alps,Alps
In general,challenging expedition,Lastminute,Neni,exotica,VHT,Tourism,Hiking,exotica,Neni,VHT,VHT,VHT,VHT,VHT
In general,Tours with accommodation,Holiday Shipping,Lastminute,Montenegro,exotica,Hiking,cyclo,Tours with accommodation,Tours with accommodation,exotica,Hiking,Hiking,Hiking,Hiking
In general,Tours with accommodation,exotica,Tours with accommodation,Tours with accommodation,Tours with accommodation,exotica,exotica,exotica,exotica,,,,,
In general,challenging expedition,exotica,Tourism,hotelbuses,Neni,exotica,exotica,exotica,exotica,Tourism,,,,
In general,Tourism,Lipari,Corsica,Neni,Stays with trips,Tours with accommodation,Neni,Lipari,Stays with trips,Neni,Tourism,Tourism,Tours with lightweight tourism,Tours with accommodation